"package_id","relative_path","expected_sha256","actual_sha256","manifest_sha256_lf","manifest_sha256_crlf","hash_match","expected_size_bytes","actual_size_bytes","lf_size_bytes","crlf_size_bytes","size_match","lf_size_match","cause","decoded_text_equivalence","canonicalized_sha256","canonicalized_size_bytes"
"PROJECT_OPENING","OPENING_PROTOCOL.md","6fa7c89a6481547123b8d904d65d8e553b259f944507d34ca6ba5c265fbc35ad","6e74d4330e65982584411c8eb53253275268aabc06c7b86e3361380fd0204848","6fa7c89a6481547123b8d904d65d8e553b259f944507d34ca6ba5c265fbc35ad","6e74d4330e65982584411c8eb53253275268aabc06c7b86e3361380fd0204848","False","10092","10311","10092","10311","False","True","LINE_ENDING_ONLY","True","6fa7c89a6481547123b8d904d65d8e553b259f944507d34ca6ba5c265fbc35ad","10092"
"PROJECT_OPENING","OPENING_WIZARD.md","6372505b170de4b1010aec635386aa2a9c23a5ecb89d5a6e7d67e933ccfcf8c5","17c616406c10f3695204b7eb94b2ce6dfa266cb210ccf6257266c70d2da914e5","6372505b170de4b1010aec635386aa2a9c23a5ecb89d5a6e7d67e933ccfcf8c5","17c616406c10f3695204b7eb94b2ce6dfa266cb210ccf6257266c70d2da914e5","False","7296","7449","7296","7449","False","True","LINE_ENDING_ONLY","True","6372505b170de4b1010aec635386aa2a9c23a5ecb89d5a6e7d67e933ccfcf8c5","7296"
"PROJECT_OPENING","START_HERE.md","c3c403672da49971f3cd5ce15ec76357a9b0f95d7aed6c002049d588caa97537","9138cf4b6aba96d1ad5f246003e05bfc910ac6684eaac28b937060153448005e","c3c403672da49971f3cd5ce15ec76357a9b0f95d7aed6c002049d588caa97537","9138cf4b6aba96d1ad5f246003e05bfc910ac6684eaac28b937060153448005e","False","3063","3130","3063","3130","False","True","LINE_ENDING_ONLY","True","c3c403672da49971f3cd5ce15ec76357a9b0f95d7aed6c002049d588caa97537","3063"
"PROJECT_OPENING","templates/ACTIVE_AUTHORITY_MAP.template.md","a06c0f30eb2c815dd4a6c65ea6379340e9c0f68401219c18848fb42a5c97b058","e3a700f3a1b0b234784cfe549d0b24d92e144632d4f243562ee10bff7fa857ae","a06c0f30eb2c815dd4a6c65ea6379340e9c0f68401219c18848fb42a5c97b058","e3a700f3a1b0b234784cfe549d0b24d92e144632d4f243562ee10bff7fa857ae","False","1466","1497","1466","1497","False","True","LINE_ENDING_ONLY","True","a06c0f30eb2c815dd4a6c65ea6379340e9c0f68401219c18848fb42a5c97b058","1466"
"PROJECT_OPENING","templates/CONTINUITY_RECORD.template.md","6b68020e4da47e3f9281b21b5fd73b2935c1c274d948c529fd70678ef4464146","edc4f6f2a1dbefad7b391cdd9232a1d259c4266e0e64bbf7e62dc9bff5e40b32","6b68020e4da47e3f9281b21b5fd73b2935c1c274d948c529fd70678ef4464146","edc4f6f2a1dbefad7b391cdd9232a1d259c4266e0e64bbf7e62dc9bff5e40b32","False","1538","1584","1538","1584","False","True","LINE_ENDING_ONLY","True","6b68020e4da47e3f9281b21b5fd73b2935c1c274d948c529fd70678ef4464146","1538"
"PROJECT_OPENING","templates/CONTINUITY_START_HERE.template.md","8e0ce254fd02e915cfc1952412886ddfd64cf5b4b1f4895c3a451ec8e20ac6bf","de13036805976476b87aa9e28fdc6af5d01cb6dfbf539b742a5c5c2a8586d486","8e0ce254fd02e915cfc1952412886ddfd64cf5b4b1f4895c3a451ec8e20ac6bf","de13036805976476b87aa9e28fdc6af5d01cb6dfbf539b742a5c5c2a8586d486","False","1171","1199","1171","1199","False","True","LINE_ENDING_ONLY","True","8e0ce254fd02e915cfc1952412886ddfd64cf5b4b1f4895c3a451ec8e20ac6bf","1171"
"PROJECT_OPENING","templates/DELIVERY_PLAN.template.md","6514bd4c3d2e9c8fed7bd5c6cbafe61152fc79397ddbe09aa922ad0df82d1e72","7904f743c2709f8fa3d88ac6ab68db79f0f49393a6d5db78b718532be858d8e4","6514bd4c3d2e9c8fed7bd5c6cbafe61152fc79397ddbe09aa922ad0df82d1e72","7904f743c2709f8fa3d88ac6ab68db79f0f49393a6d5db78b718532be858d8e4","False","948","973","948","973","False","True","LINE_ENDING_ONLY","True","6514bd4c3d2e9c8fed7bd5c6cbafe61152fc79397ddbe09aa922ad0df82d1e72","948"
"PROJECT_OPENING","templates/FOUNDATION_REVIEW.template.md","d894211712374cd349a25f66ffd7bd6f1608f381e07eecd32c3957426c41de5c","272b5cc62a2f5688c3ec1c1179269d6b03c7ae6f00ae715febddfc76c7cf57f8","d894211712374cd349a25f66ffd7bd6f1608f381e07eecd32c3957426c41de5c","272b5cc62a2f5688c3ec1c1179269d6b03c7ae6f00ae715febddfc76c7cf57f8","False","1136","1168","1136","1168","False","True","LINE_ENDING_ONLY","True","d894211712374cd349a25f66ffd7bd6f1608f381e07eecd32c3957426c41de5c","1136"
"PROJECT_OPENING","templates/OPENING_RECORD.template.md","247e72023c4e84465791623619fa412bbacd43eb21379e2fec109e345e269e56","287e74519d07a91a3d5149727168367b9a3082dd6f153a6aa0b047316f05ea9c","247e72023c4e84465791623619fa412bbacd43eb21379e2fec109e345e269e56","287e74519d07a91a3d5149727168367b9a3082dd6f153a6aa0b047316f05ea9c","False","1875","1944","1875","1944","False","True","LINE_ENDING_ONLY","True","247e72023c4e84465791623619fa412bbacd43eb21379e2fec109e345e269e56","1875"
"PROJECT_OPENING","templates/PROJECT_OPENING_GATE_RECORD.template.md","60764110e8c19bdf81a76630117f289fda3f1bb138ff03d1d7c3bf2c476e6b92","3768ddfd31af905784d5e9e700ca54bebae5d8e0721ebafd11124734fca624ee","60764110e8c19bdf81a76630117f289fda3f1bb138ff03d1d7c3bf2c476e6b92","3768ddfd31af905784d5e9e700ca54bebae5d8e0721ebafd11124734fca624ee","False","1157","1195","1157","1195","False","True","LINE_ENDING_ONLY","True","60764110e8c19bdf81a76630117f289fda3f1bb138ff03d1d7c3bf2c476e6b92","1157"
"PROJECT_OPENING","templates/PROJECT_STATE.template.md","37211c87d336292c8a5f40b05cb8ef96193a1c13474d26782b4e97ec091270f8","6512b4b8c090a6863e89fafbdc375322f48ba9b18fe11230fad165e3461d9422","37211c87d336292c8a5f40b05cb8ef96193a1c13474d26782b4e97ec091270f8","6512b4b8c090a6863e89fafbdc375322f48ba9b18fe11230fad165e3461d9422","False","1706","1768","1706","1768","False","True","LINE_ENDING_ONLY","True","37211c87d336292c8a5f40b05cb8ef96193a1c13474d26782b4e97ec091270f8","1706"
"PROJECT_OPENING","templates/ROADMAP.template.md","d5dfa037da3863c8e8734c24a1547589bebf7000d1c35ca65e4fece851f6bd72","982171bb92e02ec58b944a8e631838ae14438cb2c7471c88434a6a7fe8afc31d","d5dfa037da3863c8e8734c24a1547589bebf7000d1c35ca65e4fece851f6bd72","982171bb92e02ec58b944a8e631838ae14438cb2c7471c88434a6a7fe8afc31d","False","802","831","802","831","False","True","LINE_ENDING_ONLY","True","d5dfa037da3863c8e8734c24a1547589bebf7000d1c35ca65e4fece851f6bd72","802"
"PROJECT_OPENING","VALIDATION_EVIDENCE.md","24750ef7dfaa56a64871de96a67d504e213f0e8b42cbeb56186a2864b8b3b236","7f034555b2e293a2a81ce772f3a36ca55c6f6ba87b3e5e2f9e1815dde7c90e63","24750ef7dfaa56a64871de96a67d504e213f0e8b42cbeb56186a2864b8b3b236","7f034555b2e293a2a81ce772f3a36ca55c6f6ba87b3e5e2f9e1815dde7c90e63","False","6388","6503","6388","6503","False","True","LINE_ENDING_ONLY","True","24750ef7dfaa56a64871de96a67d504e213f0e8b42cbeb56186a2864b8b3b236","6388"
"CONTINUITY","CONTINUITY_PROTOCOL.md","262997f3509a856ed450654c9e5c9b9128beb3f57e1092bc87967ded42d0b5f3","5343a7b1ae9c344afad6bf118103ebf6b986605eea44f94a1d520a0207628b69","262997f3509a856ed450654c9e5c9b9128beb3f57e1092bc87967ded42d0b5f3","5343a7b1ae9c344afad6bf118103ebf6b986605eea44f94a1d520a0207628b69","False","9025","9211","9025","9211","False","True","LINE_ENDING_ONLY","True","262997f3509a856ed450654c9e5c9b9128beb3f57e1092bc87967ded42d0b5f3","9025"
"CONTINUITY","schemas/PROJECT_GOVERNANCE_BINDING.schema.json","b2983cbad8fa2616325eb3ad6c8cb2b280c0f44942ac469fcf7749bea2ae5a22","f6691930c1d5c0c47a39f4e9a7cb7ab5042e3eaabe4ad84d4ca8aa968a3fc943","b2983cbad8fa2616325eb3ad6c8cb2b280c0f44942ac469fcf7749bea2ae5a22","f6691930c1d5c0c47a39f4e9a7cb7ab5042e3eaabe4ad84d4ca8aa968a3fc943","False","10492","10938","10492","10938","False","True","LINE_ENDING_ONLY","True","b2983cbad8fa2616325eb3ad6c8cb2b280c0f44942ac469fcf7749bea2ae5a22","10492"
"CONTINUITY","START_HERE.md","a7b51145faaeb86063e9f5cbea3ca55e6c5452a97ecde286f36cd94cc2e43146","9bc6a85cd5202e9cff6c3a16bc86c4fdffbef48cd8caf8f5dd56ca18c12e4885","a7b51145faaeb86063e9f5cbea3ca55e6c5452a97ecde286f36cd94cc2e43146","9bc6a85cd5202e9cff6c3a16bc86c4fdffbef48cd8caf8f5dd56ca18c12e4885","False","1727","1766","1727","1766","False","True","LINE_ENDING_ONLY","True","a7b51145faaeb86063e9f5cbea3ca55e6c5452a97ecde286f36cd94cc2e43146","1727"
"CONTINUITY","templates/NEW_AGENT_BOOTSTRAP.template.md","cdd124abac611e9d2b7bb4c4fdfb3854b9f6dd8a5571a12b05db0094e079c28c","abf43cc6a5d1e0561102e60454fee3d29e04aeefcc88f3b60819ba72512fa4e1","cdd124abac611e9d2b7bb4c4fdfb3854b9f6dd8a5571a12b05db0094e079c28c","abf43cc6a5d1e0561102e60454fee3d29e04aeefcc88f3b60819ba72512fa4e1","False","2546","2597","2546","2597","False","True","LINE_ENDING_ONLY","True","cdd124abac611e9d2b7bb4c4fdfb3854b9f6dd8a5571a12b05db0094e079c28c","2546"
